2077,CyberPunk 2077
Absolver,Absolver
ABZ√õ,ABZ√õ
ABZU,ABZ√õ
Abzu,ABZ√õ
Ace Combat 7,Ace Combat 7: Skies Unknown
Ace Combat 7: Skies Unknown,Ace Combat 7: Skies Unknown
Achilles : Legends Untold,Achilles: Legends Untold
AC Odyssey,Assassin's Creed Odyssey
AC Odyssey üôÇ,Assassin's Creed Odyssey
AC: Odyssey,Assassin's Creed Odyssey
ACOdyssey,Assassin's Creed Odyssey
AC Origins,Assassin's Creed Origins
AC Syndicate,Assassin's Creed Syndicate
AC Syndicate & HZD,Assassin's Creed Syndicate
AC Unity,Assassin's Creed Unity
AC Valhalla,Assassin's Creed Valhalla
AC: Valhalla,Assassin's Creed Valhalla
ADR1FT,ADR1FT
Agony,Agony
Alan Wake,Alan Wake
Alan Wake Remastered,Alan Wake Remastered
Alba: A Wildlife Adventure,Alba: A Wildlife Adventure
Alien Isolation,Alien: Isolation
Alien:  Isolation,Alien: Isolation
Alien: Isolation,Alien: Isolation
Aliens: FE,Aliens: Fireteam Elite
Aliens: Fireteam Elite,Aliens: Fireteam Elite
Aliens vs Predator Classic,Aliens versus Predator Classic 2000
Alternative version of the last shot,Horizon Zero Dawn
A Murder Scene - Yakuza Like A Dragon,Yakuza: Like a Dragon
Anemoiapolis Beta V2,Anemoiapolis
Animal Crossing: New Horizons,Animal Crossing: New Horizons
Annie: Last Hope,ANNIE:Last Hope
Anno Mutationem,ANNO: Mutationem
ANNO: Mutationem,ANNO: Mutationem
Anthem,Anthem
ANVIL,ANVIL
Anvil,ANVIL
A Plague's Tale Innocence,A Plague Tale: Innocence
A Plague's Tale: Innocence,A Plague Tale: Innocence
A Plague Tale,A Plague Tale: Innocence
A Plague Tale : Innocence,A Plague Tale: Innocence
A Plague Tale Innocence,A Plague Tale: Innocence
A Plague Tale: Innocence,A Plague Tale: Innocence
A Plague Tale : Requiem,A Plague Tale: Requiem
A Plague Tale Requiem,A Plague Tale: Requiem
A Plague Tale-Requiem,A Plague Tale: Requiem
A Plague Tale: Requiem,A Plague Tale: Requiem
A plague tale: Requiem,A Plague Tale: Requiem
a plague tale: requiem,A Plague Tale: Requiem
A Plague Tale: Requiem,A Plague Tale: Requiem
Appartment,The Apartment
Aragami,Aragami
Areia : Pathway to Dawn,Areia: Pathway to Dawn
Arise : A Simple Story,Arise: A Simple Story
Ark Survival Evolved,ARK: Survival Evolved
Ark: Survival Evolved,ARK: Survival Evolved
ARMA 3,Arma 3
ArmA 3,Arma 3
Arma 3,Arma 3
Arma Reforger,Arma Reforger
Art of Rally,art of rally
art of rally,art of rally
Ascent,The Ascent
Ashen,Ashen
Asphalt 9,Asphalt 9
Assassin's Creed,Assassin's Creed
Assassin's Creed 2,Assassin's Creed II
Assassin's Creed 4,Assassin's Creed IV Black Flag
Assassin's Creed Brotherhood,Assassin's Creed Brotherhood
Assassin's Creed III,Assassin's Creed III
Assassin's Creed IV Black Flag,Assassin's Creed IV Black Flag
Assassin's Creed  Odyssey,Assassin's Creed Odyssey
Assassin's Creed : Odyssey,Assassin's Creed Odyssey
Assassin's Creed Odyssey,Assassin's Creed Odyssey
Assassin's Creed: Odyssey,Assassin's Creed Origins
Assassins Creed : Odyssey,Assassin's Creed Odyssey
Assassins Creed Odyssey,Assassin's Creed Odyssey
assassin‚Äôs creed odyssey,Assassin's Creed Odyssey
Assassin's Creed Origins,Assassin's Creed Origins
Assassin's Creed: Origins,Assassin's Creed Origins
assassins creed origins,Assassin's Creed Origins
Assassins Creed Origins,Assassin's Creed Origins
Assassin‚Äôs Creed: Origins,Assassin's Creed Origins
Assassin's Creed Syndicate,Assassin's Creed Syndicate
Assassin's Creed: Syndicate,Assassin's Creed Syndicate
Assassins Creed Syndicate,Assassin's Creed Syndicate
Assassin's Creed - Unity,Assassin's Creed Unity
Assassin's Creed Unity,Assassin's Creed Unity
Assassin's Creed: Unity,Assassin's Creed Unity
Assassin's Creed - Unity (Dead Kings DLC),Assassin's Creed Unity
Assassin's Creed Valhalla,Assassin's Creed Valhalla
Assassin's Creed Valhalla,Assassin's Creed Valhalla
Assassin's Creed: Valhalla,Assassin's Creed Valhalla
Assassins Creed Valhalla,Assassin's Creed Valhalla
Assassin‚Äôs Creed - Valhalla,Assassin's Creed Valhalla
Assassin‚Äôs Creed Valhalla,Assassin's Creed Valhalla
Assassin‚Äôs Creed: Valhalla,Assassin's Creed Valhalla
Assassin's Creed Valhalla: The Siege of Paris,Assassin's Creed Valhalla
Assetto Corsa,Assetto Corsa
Assetto corsa,Assetto Corsa
assetto corsa,Assetto Corsa
Assetto Corsa - 16:9 version,Assetto Corsa
Assetto Corsa Competizione,Assetto Corsa
Asterigos: Curse of the Stars,Asterigos: Curse of the Stars
Asterigos (Demo),Asterigos: Curse of the Stars
Asteriogos,Asterigos: Curse of the Stars
Backbone,Backbone
Batman,Batman: Arkham Knight
Batman AK,Batman: Arkham Knight
Batman - Arkham Knight,Batman: Arkham Knight
Batman Arkham Knight,Batman: Arkham Knight
Batman: Arkham Knight,Batman: Arkham Knight
Batman‚Ñ¢: Arkham Knight,Batman: Arkham Knight
Battlefield 1,Battlefield 1
Battlefield 2042,Battlefield 2042
Battlefield 3,Battlefield 3
Battlefield 4,Battlefield 4
Battlefield 5,Battlefield V
Battlefield V,Battlefield V
Bayonetta,Bayonetta
BeamNG.drive,BeamNG.drive
Beyond Blue,Beyond Blue
Biomutant,Biomutant
biomutant,Biomutant
Bioshock,Bioshock
Bioshock HD,Bioshock
BioShock Infinite,BioShock Infinite
Bioshock Infinite,BioShock Infinite
BioShock: Infinite,BioShock Infinite
Bioshock Infinite - Burial at Sea Ep. 2,BioShock Infinite
Black Mesa,Black Mesa
Blair Witch,Blair Witch
Blasphemous,Blasphemous
Blind Fate - Edo no Yami,Blind Fate: Edo no Yami
Blind Fate Edo No Yami,Blind Fate: Edo no Yami
Blind Fate: Edo No Yami,Blind Fate: Edo no Yami
Blind Fate: Edo no Yami,Blind Fate: Edo no Yami
Bloodborne,Bloodborne
Bloodborne (Engine),Bloodborne (Engine)
Bloodborne in Unity,Bloodborne in Unity
Bloodborne PSX,Bloodborne PSX
BloodbornePSX,Bloodborne PSX
Bloodstained: Ritual of the Night,Bloodstained: Ritual of the Night
Blur,Blur
blur,Blur
Bonus - Hunk aka 4th Survivor,Resident Evil 2 (2019)
Borderlands 3,Borderlands 3
Bottle Pilgrim Redux,Bottle: Pilgrim Redux
Bound,Bound
Bramble,Bramble: The Mountain King
Bramble: The Mountain King,Bramble: The Mountain King
Breathedge,Breathedge
Breath of the Wild,The Legend of Zelda: Breath of the Wild
Bright Memory: Infinite,Bright Memory: Infinite
Broken Pieces,Broken Pieces
Brutal Legend,Br√ºtal Legend
BSG Deadlock,Battlestar Galactica Deadlock
Bulletstorm: Full Clip Edition,Bulletstorm: Full Clip Edition
Burning Daylight,Burning Daylight
B&W,ELDEN RING
Callisto Protocol,The Callisto Protocol
Call of Duty 4 - Modern Warfare,Call of Duty 4: Modern Warfare
Call of Duty 4- Modern Warfare,Call of Duty 4: Modern Warfare
Call of Duty 4: Modern Warfare,Call of Duty 4: Modern Warfare
Call of Duty Black Ops 1,Call of Duty: Black Ops
Call of Duty- Black Ops 1,Call of Duty: Black Ops
Call of Duty- Black Ops Cold War,Call of Duty: Black Ops Cold War
Call Of Duty: Black Ops III,Call Of Duty: Black Ops III
Call Of Duty Modern Warfare 2019,Call Of Duty: Modern Warfare
Call of Duty Modern Warfare 2019,Call Of Duty: Modern Warfare
Call of Duty: Modern Warfare II,Call of Duty: Modern Warfare II
Call of Duty- World at War,Call of Duty: World at War
Call of Juarez: Bound in Blood,Call of Juarez: Bound in Blood
Call of Juarez: Gunslinger,Call of Juarez: Gunslinger
Call of Misery,S.T.A.L.K.E.R. Call of Pripyat
Call of the wild,theHunter: Call of the Wild
Captain Spirit,Captain Spirit
Castle Rock Beach,"Castle Rock Beach, West Australia"
Castle Rock Beach Australia,"Castle Rock Beach, West Australia"
"Castle Rock Beach, West Australia","Castle Rock Beach, West Australia"
Castlevania: Lords of Shadow 2,Castlevania: Lords of Shadow 2
Castlevania: LoS 2,Castlevania: Lords of Shadow 2
Catalyst,Mirror's Edge Catalyst
Century Age of Ashes,Century: Age of Ashes
Century: Age of Ashes,Century: Age of Ashes
Chernobylite,Chernobylite
Chichu Art Museum_VR,Chichu Art Museum_VR
Chinese Paladin: Legend of Sword and Fairy 7,Sword and Fairy 7
Chinese Paladin: Sword and Fairy 7,Sword and Fairy 7
Chorus,Chorus
Clash: Artifacts of Chaos,Clash: Artifacts of Chaos
Cloudpunk,Cloudpunk
CODE VEIN,CODE VEIN
Code Vein,CODE VEIN
Cod MW2,Call of Duty: Modern Warfare II
COD WaW,Call of Duty: World at War
Cognition Method: Initiation,Cognition Method: Initiation
CONTROL,Control
Control,Control
Control.,Control
Counter Strike: Global Offensive,Counter Strike: Global Offensive
CP2077,Cyberpunk 2077
Crash Bandicoot 4,Crash Bandicoot 4: It's About Time
Crisis Core Final Fantasy 7 Reunion,Crisis Core Final Fantasy 7 Reunion
CrisTales,CrisTales
Crysis 3 Remastered,Crysis 3 Remastered
Cyberounk 2077,Cyberpunk 2077
cyberpunk,Cyberpunk 2077
cyberpunk,Cyberpunk 2077
Cyberpunk  2077,Cyberpunk 2077
CyberPunk 2077,Cyberpunk 2077
Cyberpunk 2077,Cyberpunk 2077
cyberpunk 2077,Cyberpunk 2077
Cyberpunk 2077,Cyberpunk 2077
Cyberpunk 2077.,Cyberpunk 2077
Cyberpunk2077,Cyberpunk 2077
Cyberpunk 2077 collage,Cyberpunk 2077
Cyberpunk 2077 v1.5,Cyberpunk 2077
Cyberpunk 2k77,Cyberpunk 2077
Cyberpunk - Mad Max Pilot,Cyberpunk 2077
Cyerpunk 2077,Cyberpunk 2077
Dark Pictures - House of Ashes,The Dark Pictures Anthology: House of Ashes
Darksiders 2,Darksiders II: Deathinitive Edition
Darksiders 2 DE,Darksiders II: Deathinitive Edition
Darksiders 3,Darksiders III
Darksiders Genesis,Darksiders Genesis
Darksiders II,Darksiders II: Deathinitive Edition
Darksiders II: Deathinitive Edition,Darksiders II: Deathinitive Edition
Darksiders III,Darksiders III
Dark Souls 2,DARK SOULS II
Dark  Souls 3,DARK SOULS III
Dark Souls 3,DARK SOULS III
Darksouls 3,DARK SOULS III
Darksouls3,DARK SOULS III
DARK SOULS III,DARK SOULS III
Dark Souls III,DARK SOULS III
DARK SOULS II: Scholar of the First Sin,DARK SOULS II: Scholar of the First Sin
Darksouls Remastered,DARK SOULS REMASTERED
Daymare 1998,Daymare 1998
Days Gone,Days Gone
Days gone,Days Gone
Dead Island Definitive Edition,Dead Island Definitive Edition
Deadlight,Deadlight
DEAD OR ALIVE Xtreme Venus Vacation,DEAD OR ALIVE Xtreme Venus Vacation
Deadpool,Deadpool
Dead Space,Dead Space
Dead Space 2,Dead Space 2
Deadspace 2,Dead Space 2
Dead Space 3,Dead Space 3
~~Dead Space~~ Callisto Protocol,The Callisto Protocol
DEATHLOOP,DEATHLOOP
Deathloop,DEATHLOOP
Deathly Stillness,Deathly Stillness
DeathlyStillness,Deathly Stillness
Death's Door,Death's Door
Death Stranding,Death Stranding
death stranding,Death Stranding
Death Stranding Director's Cut,Death Stranding Director's Cut
Deliver us the moon,Deliver us the Moon
Demon Slayer -Kimetsu no Yaiba- The Hinokami Chronicles,Demon Slayer -Kimetsu no Yaiba- The Hinokami Chronicles
Demon's Souls,Demon's Souls
Demon‚Äôs Souls,Demon's Souls
Demon‚Äôs Souls (2020),Demon's Souls
Demon's Souls Remake,Demon's Souls
Demon's Souls Remastered,Demon's Souls
Depth,Depth
Desolate Drive,Desolate Drive
Destiny 2,Destiny 2
Destiny 2 (old),Destiny 2
Destroy All Humans,Destroy All Humans!
Destroy All Humans!,Destroy All Humans!
Detroid Become Human - pt2,Detroit: Become Human
Detroit : Become Human,Detroit: Become Human
Detroit Become Human,Detroit: Become Human
Detroit: Become Human,Detroit: Become Human
Deus Ex: Mankind Divided,Deus Ex: Mankind Divided
Devil In Me,The Dark Pictures Anthology: The Devil in Me
Devil in Me,The Dark Pictures Anthology: The Devil in Me
Devil May Cry 5,Devil May Cry 5
Devil May Cry V,Devil May Cry 5
Devil`s Hunt,Devil's Hunt
Diablo,Diablo
Diablo - secondarybounce,Diablo
dino crisis forbidden west,Horizon Forbidden West
Diofield Chronicle,The Diofield Chronicle
DIRT 5,DIRT 5
Dirt 5,DIRT 5
Dirt Rally 2.0,DiRT Rally 2.0
dirt rally 2.0,DiRT Rally 2.0
Dishonored,Dishonored
Dishonored 2,Dishonored 2
dishonored 2,Dishonored 2
Dishonored Death of the Outsider,Dishonored: Death of the Outsider
Dishonored: Death of the Outsider,Dishonored: Death of the Outsider
Dishonored: The Knife of Dunwall,Dishonored: The Knife of Dunwall
Disintegration,Disintegration
Division,Tom Clancy‚Äôs The Division
Division 2,Tom Clancy's The Division 2
Division2,Tom Clancy's The Division 2
DMC 5,Devil May Cry 5
DmC: Devil May Cry,DmC: Devil May Cry
DMC V,Devil May Cry 5
DNF Duel,DNF Duel
DOAXVV,DEAD OR ALIVE Xtreme Venus Vacation
DOOM,DOOM
DOOM Eternal,DOOM Eternal
Doom Eternal,DOOM Eternal
Doom Eternal - lookin heckin angy,DOOM Eternal
Doom Eternal: The Ancient Gods Part 2,DOOM Eternal
DotA 2,Dota 2
Dragon Age: Inquisition,Dragon Age: Inquisition
Drake Hollow,Drake Hollow
Draugen,Draugen
DreadOut 2,DreadOut 2
Dreamscaper,Dreamscaper
Driveclub,Driveclub
Driver: San Francisco,Driver: San Francisco
Driver: San Franciso,Driver: San Francisco
DS3,DARK SOULS III
Dying Light,Dying Light
Dying Light 2,Dying Light 2
Dying light 2,Dying Light 2
Eastshade,Eastshade
ELDEN RING,ELDEN RING
Elden Ring,ELDEN RING
Elden Ring,ELDEN RING
Elden Ring.,ELDEN RING
Eldenring,ELDEN RING
Elden Ring (POV),ELDEN RING
Eldenvania,ELDEN RING
Elite Dangerous,Elite Dangerous
Enderal,Enderal
Enderal SSE,Enderal
Endling,Endling - Extinction is Forever
Enemies demo with freecam patch,Enemies
Enslaved: Odyssey to the West,Enslaved: Odyssey to the West
Escape From Tarkov,Escape From Tarkov
Estencel,Estencel
Everspace,EVERSPACE
everspace,EVERSPACE
EVERSPACE 2,EVERSPACE 2
Everspace 2,EVERSPACE 2
Evil West,Evil West
Exhibition Pavilion,Exhibition Pavilion
Exo One,Exo One
F1 2020,F1 2020
F1 2022,F1 22
F1 22,F1 22
Fade to Silence,Fade to Silence
Fallen Order,Star Wars Jedi: Fallen Order
Fallout 4,Fallout 4
fallout 4,Fallout 4
Fallout 4. Experimental,Fallout 4
Fallout New Vegas,Fallout: New Vegas
Far Cry 4,Far Cry 4
Far Cry 5,Far Cry 5
Far cry 5,Far Cry 5
far cry 5,Far Cry 5
Far Cry 6,Far Cry 6
far cry 6,Far Cry 6
FarCry 6,Far Cry 6
Far Cry New Dawn,Far Cry New Dawn
far cry new dawn,Far Cry New Dawn
Fatal Frame: Maiden of Black Water,FATAL FRAME / PROJECT ZERO: Maiden of Black Water
Fatal Frame: Maiden of Blackwater,FATAL FRAME / PROJECT ZERO: Maiden of Black Water
FF7R,Final Fantasy VII Remake Intergrade
ff7r,Final Fantasy VII Remake Intergrade
FFXIII,Final Fantasy XIII
FFXIV,Final Fantasy XIV
FH4,Forza Horizon 4
FIFA 23,EA SPORTS FIFA 23
Final Fantasy 14,Final Fantasy XIV
Final fantasy 14,Final Fantasy XIV
final fantasy 14,Final Fantasy XIV
Final Fantasy 7 Remake,Final Fantasy VII Remake Intergrade
Final Fantasy VII,Final Fantasy VII Remake Intergrade
Final Fantasy VII Remake,Final Fantasy VII Remake Intergrade
Final Fantasy VII- Remake,Final Fantasy VII Remake Intergrade
Final Fantasy VII Remake INTERgrade,Final Fantasy VII Remake Intergrade
Final Fantasy VII Remake Intergrade,Final Fantasy VII Remake Intergrade
Final Fantasy VII- Remake-Tifa,Final Fantasy VII Remake Intergrade
Final Fantasy X-2 HD Remaster,FINAL FANTASY X/X-2 HD Remaster
Final Fantasy XIII,Final Fantasy XIII
FINAL FANTASY XIV,Final Fantasy XIV
Final Fantasy XIV,Final Fantasy XIV
Final Fantasy XIV: Stormblood,Final Fantasy XIV
Final Fantasy XV,Final Fantasy XV
Finisher Silhouettes - Yakuza Like A Dragon,Yakuza: Like a Dragon
Firewatch,Firewatch
F.I.S.T.: Forged In Shadow Torch,F.I.S.T.: Forged In Shadow Torch
FlowScape,FlowScape
FO4,Fallout 4
Fobia,Fobia - St. Dinfna Hotel
Fobia: St. Dinfna Hotel (hello Pino lol),Fobia - St. Dinfna Hotel
Forbidden West,Horizon Forbidden West
For Honor,For Honor
Forspoken Demo,Forspoken
Fortnite,Fortnite
Forza Horizon 3,Forza Horizon 3
forza horizon 3,Forza Horizon 3
Forza Horizon 4,Forza Horizon 4
Forza horizon 4,Forza Horizon 4
forza horizon 4,Forza Horizon 4
Forza Horizon 5,Forza Horizon 5
forza horizon 5,Forza Horizon 5
Forza Motorsport 7,Forza Motorsport 7
Fourtniiite,Fortnite
Fractured Space,Fractured Space
Fugue in Void,Fugue in Void
Fushimi Inari,Fushimi Inari Taisha
Galeria del Diablo,Galeria del Diablo
Gamedec,Gamedec
Garry's Mod,Garry's Mod
Gas Station Simulator,Gas Station Simulator
Gears 5,Gears 5
Generation Zero,Generation Zero
Genshin Impact,Genshin Impact
geraldo 3,The Witcher 3: Wild Hunt
Ghost Of Tsushima,Ghost of Tsushima
Ghost of Tsushima,Ghost of Tsushima
Ghost Of Tsushima DIrector's Cut,Ghost of Tsushima
Ghost Of Tsushima Director's Cut,Ghost of Tsushima
Ghost of Tsushima Director's Cut,Ghost of Tsushima
Ghost of Tsushima: Legends,Ghost of Tsushima
Ghost Recon Breakpoint,Tom Clancy's Ghost Recon Breakpoint
Ghost Recon: Breakpoint,Tom Clancy's Ghost Recon Breakpoint
Ghost Recon Wildlands,Tom Clancy's Ghost Recon Wildlands
Ghost Recon: Wildlands,Tom Clancy's Ghost Recon Wildlands
Ghostrunner,Ghostrunner
Ghostwire : Tokyo,Ghostwire: Tokyo
Ghostwire Tokyo,Ghostwire: Tokyo
GhostWire: Tokyo,Ghostwire: Tokyo
Ghostwire: Tokyo,Ghostwire: Tokyo
Godfall,Godfall
God Of War,God of War
God of War,God of War
God of war,God of War
god of war,God of War
God of War,God of War
God of War.,God of War
God of War (PC),God of War
God of War PC,God of War
God Of War Ragnar√∂k,God Of War Ragnar√∂k
God of War Ragnar√∂k,God Of War Ragnar√∂k
God of War Ragnarok,God Of War Ragnar√∂k
Gotham Knights,Gotham Knights
grand theft auto 5,Grand Theft Auto V
Grand Theft Auto IV,Grand Theft Auto IV
Grand Theft Auto V,Grand Theft Auto V
Gran Turismo 7,Gran Turismo 7
Gran Turismo Sport,Gran Turismo Sport
Gran Turismo Sport,Gran Turismo Sport
GreedFall,Greedfall
Greedfall,Greedfall
GRID Legends,GRID Legends
Grid Legends,GRID Legends
GRIS,GRIS
Ground Branch,Ground Branch
Grounded,Grounded
GT7,Gran Turismo 7
GTA 3,Grand Theft Auto III
GTA 5,Grand Theft Auto V
gta 5,Grand Theft Auto V
GTA 5 Light Trails,Grand Theft Auto V
GTA V,Grand Theft Auto V
GTAV,Grand Theft Auto V
GT Sport,Gran Turismo Sport
Gt Sport,Gran Turismo Sport
Guardian of the Galaxy,Marvel's Guardians of the Galaxy
Guardians Of The Galaxy,Marvel's Guardians of the Galaxy
Guardians of The Galaxy,Marvel's Guardians of the Galaxy
Guardians of the Galaxy,Marvel's Guardians of the Galaxy
Guild Wars 2,Guild Wars 2
Guilty Gear -Strive-,Guilty Gear -Strive-
Guilty Gear Strive,Guilty Gear -Strive-
GuJian3,Âè§ÂâëÂ•áË∞≠‰∏â(Gujian3)
Âè§ÂâëÂ•áË∞≠‰∏â(Gujian3),Âè§ÂâëÂ•áË∞≠‰∏â(Gujian3)
Half-Life,Half-Life
Half-Life 2,Half-Life 2
Half Life 2 Episode 1,Half Life 2 Episode 1
Half-Life 2: Episode Two,Half Life 2 Episode 2
Half-Life Alyx,Half-Life: Alyx
Half-Life: Alyx,Half-Life: Alyx
Half-Life: Alyx - Incursion,Half-Life: Alyx
Halo 3,Halo 3
Halo 3 ODST,Halo 3: ODST
Halo CEA MP mod,Halo: Combat Evolved Anniversary
Halo CEA Multiplayer mod,Halo: Combat Evolved Anniversary
Halo Infinite,Halo Infinite
Halo Infinite MP,Halo Infinite
Halo ODST,Halo 3: ODST
Halo - Reach,Halo: Reach
Halo : Reach,Halo: Reach
Harvestella,Harvestella
HAVEN,Haven
Haven,Haven
HellBlade,Hellblade: Senua's Sacrifice
Hellblade,Hellblade: Senua's Sacrifice
Hellblade - Senua's Sacrifice,Hellblade: Senua's Sacrifice
Hellblade : Senua's Sacrifice,Hellblade: Senua's Sacrifice
Hellblade Senua's sacrifice,Hellblade: Senua's Sacrifice
Hellblade: Senua's Sacrifice,Hellblade: Senua's Sacrifice
Hellish Quart,Hellish Quart
High On Life,High On Life
HITMAN,HITMAN
Hitman,HITMAN
Hitman 1,HITMAN
HITMAN 2,HITMAN 2
Hitman 2,HITMAN 2
Hitman 2 Absolution,Hitman: Absolution
HITMAN 3,HITMAN 3
Hitman 3,HITMAN 3
Hitman: Absolution,Hitman: Absolution
HLA - The Undertow,Half-Life: Alyx
Homefront: The Revolution,Homefront: The Revolution
Homesick,Homesick
Horizon,Horizon Zero Dawn
Horizon Forbidden West,Horizon Forbidden West
Horizon forbidden west,Horizon Forbidden West
Horizon: Forbidden West,Horizon Forbidden West
Horizon Forbidden West (PS5),Horizon Forbidden West
Horizon Foribidden West,Horizon Forbidden West
Horizon Zero Dawn,Horizon Zero Dawn
Horizon Zero Dawn,Horizon Zero Dawn
Horizon: Zero Dawn,Horizon Zero Dawn
Horizon Zero Dawn - Aloy in BW with different outfits,Horizon Zero Dawn
Horror Tales: The Wine,HORROR TALES: The Wine
Hot Wheels Unleashed,Hot Wheels Unleashed
House of Ashes,The Dark Pictures Anthology: House of Ashes
https://cdn.discordapp.com/attachments/586247657270411264/1007530720287268874/0_copy170.png,Stray
https://cdn.discordapp.com/attachments/586247657270411264/1034630313915195423/SPOILER_0_copy209.png,Scorn
https://cdn.discordapp.com/attachments/586247657270411264/1044435942292865055/Paperbag-Win64-Shipping_2022-11-22_02-20-14_stitch.png,KID A MNESIA EXHIBITION
https://cdn.discordapp.com/attachments/586247657270411264/969718604981473280/Dust-Win64-Shipping_2022-04-29_23-34-20.png,The Gunk
https://cdn.discordapp.com/attachments/872543336454582384/971189214257508392/0_copy86.png,The Gunk
https://cdn.discordapp.com/attachments/872543336454582384/982058645820948510/0_copy98.png,VRMuseum
https://cdn.discordapp.com/attachments/872543336454582384/982061259128197130/0_copy99.png,VRMuseum
https://live.staticflickr.com/4657/26687987928_4fac745d01_o_d.jpg,Assassin's Creed Origins
https://live.staticflickr.com/4666/25068701567_9e0ef513c5_o_d.jpg,Assassin's Creed Origins
https://live.staticflickr.com/4795/40011465574_a3ee46d150_o_d.jpg,Assassin's Creed Origins
https://live.staticflickr.com/65535/48804736392_647d9da1ea_o_d.png,Fallout 4
https://live.staticflickr.com/65535/48903483651_8895f9a379_o_d.png,Fallout 4
https://live.staticflickr.com/65535/48909292862_48cf8113c1_o_d.png,Fallout 4
https://media.discordapp.net/attachments/697797735381860463/1022132221223641129/RDR2_2022_09_21_14_50_56_255.png,Red Dead Redemption 2
https://media.discordapp.net/attachments/872543336454582384/982051439016833054/0_copy96.png?width=600&height=745,Transient
https://media.discordapp.net/attachments/874565207299604531/1005909704423243846/Stray-Win64-Shipping_2022-08-07_20-05-00_stitch.png?width=467&height=749,Stray
https://media.discordapp.net/attachments/874565207299604531/1033522791376507001/Scorn-Win64-Shipping_2022-10-22_23-49-05_stitch.png?width=554&height=727,Scorn
Hubris,Hubris
Hunt: Showdown,Hunt: Showdown
HZD,Horizon Zero Dawn
HZD,Horizon Zero Dawn
Immortals : Fenyx Rising,Immortals Fenyx Rising
Immortals Fenyx Rising,Immortals Fenyx Rising
Immortals: Fenyx Rising,Immortals Fenyx Rising
INDUSTRIA,INDUSTRIA
Industria,INDUSTRIA
inFAMOUS First Light,inFAMOUS First Light
inFAMOUS: First Light,inFAMOUS First Light
inFAMOUS: Second Son,inFAMOUS Second Son
Injustice 2,Injustice 2
Insomnis,Insomnis
Insurgency Sandstorm,Insurgency Sandstorm
Isonzo,Isonzo
It Takes Two,It Takes Two
JC4,Just Cause 4
Jedi Fallen Order,Star Wars Jedi: Fallen Order
Jedi fallen Order,Star Wars Jedi: Fallen Order
JETT: The Far Shore,JETT: The Far Shore
Journey,Journey
Journey To The Savage Planet,Journey To The Savage Planet
Journey to the Savage Planet,Journey To The Savage Planet
Just Cause 3,Just Cause 3
JUST CAUSE 4,Just Cause 4
Just Cause 4,Just Cause 4
Just cause 4,Just Cause 4
Kena  Bridge of Spirits,Kena: Bridge of Spirits
Kena : Bridge of Spirits,Kena: Bridge of Spirits
Kena Bridge of Spirits,Kena: Bridge of Spirits
Kena bridge of spirits,Kena: Bridge of Spirits
Kena: Bridge Of Spirits,Kena: Bridge of Spirits
Kena: Bridge of Spirits,Kena: Bridge of Spirits
Kena: Bridge Of Sprits,Kena: Bridge of Spirits
Kenshi,Kenshi
Kid A Mnesia Exhibition,KID A MNESIA EXHIBITION
KidAMnesiaExhibition,KID A MNESIA EXHIBITION
Kingdom Come,Kingdom Come: Deliverance
Kingdom Come Deliverance,Kingdom Come: Deliverance
Kingdom Come: Deliverance,Kingdom Come: Deliverance
King's Quest,King's Quest
KovaaK's,KovaaK's
Lady Maria of the Astral Clock Tower,Bloodborne
Last day in Uryupinsk,THE LAST DAY IN URYUPINSK
Last Days Of Lazarus,Last Days of Lazarus
Last Days of Lazarus (Demo),Last Days of Lazarus
Left 4  Dead 2,Left 4 Dead 2
Left 4 Dead 2,Left 4 Dead 2
‚åö üê∂ legion,Watch Dogs: Legion
LEGO Builder's Journey,LEGO Builder's Journey
LEGO Star Wars: The Skywalker Saga,LEGO Star Wars: The Skywalker Saga
Life is Strange,Life is Strange
Life is Strange 2,Life is Strange 2
Life is Strange: Before the Storm,Life is Strange: Before the Storm
Life Is Strange Remastered,Life is Strange Remastered
Life is Strange Remastered,Life is Strange Remastered
Life Is Strange: True Colors,Life Is Strange: True Colors
Life is Strange: True Colors,Life Is Strange: True Colors
Life is Strange: True Colours,Life Is Strange: True Colors
Limbo,Limbo
Little Brother Jim,Little Brother Jim
Little Nightmares 2,Little Nightmares II
Little Nightmares II,Little Nightmares II
Little Nightmares II: Enhanced Edition,Little Nightmares II
Loopmancer,Loopmancer
Luto,Luto
Madden NFL 21,Madden NFL 21
Madden NFL 23,Madden NFL 23
Mad Max,Mad Max
mad max,Mad Max
Madmax,Mad Max
Mafia 3,Mafia III: Definitive Edition
Mafia 3 Definitive Edition,Mafia III: Definitive Edition
Mafia: DE,Mafia: Definitive Edition
Mafia: Definitive Edition,Mafia: Definitive Edition
Man Of Medan,The Dark Pictures: Man of Medan
Man of Medan,The Dark Pictures: Man of Medan
Marta is dead,Martha is Dead
Martha Is Dead,Martha is Dead
Martha is Dead,Martha is Dead
Martha is dead,Martha is Dead
Marvel's Avengers,Marvel's Avengers
Marvel‚Äôs Avengers,Marvel's Avengers
Marvel's Guardians Of The Galaxy,Marvel's Guardians of the Galaxy
Marvel's Guardians of the Galaxy,Marvel's Guardians of the Galaxy
Marvel‚Äôs Guardians of the Galaxy,Marvel's Guardians of the Galaxy
Marvel Spider Man Remastered,Marvel's Spider-Man Remastered
Marvel's Spider-Cat: Stray My Ass,Marvel's Spider-Man: Miles Morales
Marvel's Spider Man,Marvel's Spider-Man Remastered
Marvel's Spider-Man,Marvel's Spider-Man Remastered
Marvel's Spiderman,Marvel's Spider-Man Remastered
Marvel‚Äôs Spider-Man,Marvel's Spider-Man Remastered
Marvel's Spider Man: Miles Morales,Marvel's Spider-Man: Miles Morales
Marvel's Spider-Man - Miles Morales,Marvel's Spider-Man: Miles Morales
Marvel's Spider-Man: Miles Morales,Marvel's Spider-Man: Miles Morales
Marvel‚Äôs Spider-Man: Miles Morales,Marvel's Spider-Man: Miles Morales
Marvel's Spider-Man (PS5),Marvel's Spider-Man Remastered
Marvel's Spider-Man Remastered,Marvel's Spider-Man Remastered
Marvel's Spider-man Remastered,Marvel's Spider-Man Remastered
Marvel's Spider-Man Remastered,Marvel's Spider-Man Remastered
Marvel's Spider-Man: Remastered,Marvel's Spider-Man Remastered
Marvel's Spiderman Remastered,Marvel's Spider-Man Remastered
Marvel‚Äôs Spider-Man Remastered,Marvel's Spider-Man Remastered
Marvel Vs Capcom Infinite,Marvel vs. Capcom: Infinite
Marvel vs Capcom Infinite,Marvel vs. Capcom: Infinite
Marvel vs Capcom: Infinite,Marvel vs. Capcom: Infinite
Marvel vs. Capcom: Infinite,Marvel vs. Capcom: Infinite
mass edition legendary effect,Mass Effect Legendary Edition
Mass Effect,Mass Effect
Mass Effect 1 Legendary Edition,Mass Effect Legendary Edition
Mass Effect 2,Mass Effect 2
Mass Effect 2 LE,Mass Effect 2 Legendary Edition
Mass Effect 2 Legendary Edition,Mass Effect 2 Legendary Edition
Mass Effect 3,Mass Effect 3
Mass Effect 3 (Original Trilogy),Mass Effect 3
Mass Effect Andromeda,Mass Effect Andromeda
Mass Effect: Andromeda,Mass Effect Andromeda
Mass Effect LE,Mass Effect Legendary Edition
Mass Effect - Legendary Edition,Mass Effect Legendary Edition
Mass Effect Legendary Edition,Mass Effect Legendary Edition
mass effect legendary edition,Mass Effect Legendary Edition
Mass Effect: Legendary Edition,Mass Effect Legendary Edition
Matrix Awakens,The Matrix Awakens: An Unreal Engine 5 Experience
Matrix Awakens,The Matrix Awakens: An Unreal Engine 5 Experience
Matrix Awakens UE5,The Matrix Awakens: An Unreal Engine 5 Experience
ME:A,Mass Effect Andromeda
ME:A.,Mass Effect Andromeda
Mechwarrior 5 Mercenaries,MechWarrior 5: Mercenaries
Mechwarrior 5: Mercenaries,MechWarrior 5: Mercenaries
Medium,The Medium
ME LE,Mass Effect Legendary Edition
Metal Gear Rising: Revengeance,Metal Gear Rising: Revengeance
Metal Gear Rising: Revengeance,Metal Gear Rising: Revengeance
Metal Gear Solid 4: Guns of the Patriots (RPCS3),Metal Gear Solid 4: Guns of the Patriots
Metro Exodus,Metro Exodus
Metro Exodus,Metro Exodus
Metro Exodus Enhanced Edition,Metro Exodus Enhanced Edition
Metro Exodus: Sam's Story,Metro Exodus
MFS 2020,Microsoft Flight Simulator
MFS2020,Microsoft Flight Simulator
MGS V: The Phantom Pain,Metal Gear Solid V: The Phantom Pain
Microsoft Flight Simulator,Microsoft Flight Simulator
Microsoft Flight Simulator,Microsoft Flight Simulator
Middle-Earth : Shadow of War,Middle-Earth: Shadow of War
Middle-Earth: Shadow of War,Middle-Earth: Shadow of War
Middle-earth: Shadow of War,Middle-Earth: Shadow of War
Minecraft,Minecraft
Mirror's Edge,Mirror's Edge
Mirror's Edge Catalyst,Mirror's Edge Catalyst
Mirror's Edge: Catalyst,Mirror's Edge Catalyst
Mirrors Edge Catalyst,Mirror's Edge Catalyst
Mirror‚Äôs Edge Catalyst,Mirror's Edge Catalyst
Monster Energy Supercross 3,Monster Energy Supercross 3
Monster Energy Supercross 5,Monster Energy Supercross 5
Monster Hunter Rise,Monster Hunter Rise
Monster Hunter World,Monster Hunter World
Moons of Madness,Moons of Madness
Mortal Kombat 11,Mortal Kombat 11
Mortal Shell,Mortal Shell
Mosaic,Mosaic
Mount & Blade II: Bannerlord,Mount & Blade II: Bannerlord
"M√Ωrdalssandur, Iceland","M√Ωrdalssandur, Iceland"
MSFS 2020,Microsoft Flight Simulator
Mutant Year Zero,Mutant Year Zero: Road to Eden
Mutant Year Zero Road to Eden,Mutant Year Zero: Road to Eden
Mutant Year Zero: Road to Eden,Mutant Year Zero: Road to Eden
Mutant Year Zero; Road To Eden,Mutant Year Zero: Road to Eden
Mutant Year Zero Seed of Evil,Mutant Year Zero: Seed of Evil
MvC:I,Marvel vs. Capcom: Infinite
My Island,My Island
Myrdalssandur,M√Ωrdalssandur Iceland
Myst,Myst
Necromunda: Hired Gun,Necromunda: Hired Gun
Need for Speed,Need For Speed (2015)
Need For Speed (2015),Need For Speed (2015)
Need for Speed 2015,Need For Speed (2015)
Need for Speed Heat,Need for Speed Heat
Need for Speed: Heat,Need for Speed Heat
Need For Speed : Payback,Need For Speed Payback
Need For Speed Payback,Need For Speed Payback
Need for Speed Payback,Need For Speed Payback
Need For Speed Unbound,Need for Speed Unbound
Need For Speed Unbound,Need for Speed Unbound
Need for Speed: Underground 2,Need for Speed: Underground 2
NERO,NERO
NFS16,Need for Speed (2016)
NFS Heat,Need for Speed Heat
nfs payback,Need For Speed Payback
NieR Automata,NieR Automata
Nier Automata,NieR Automata
NieR: Automata,NieR Automata
Nier: Automata,NieR Automata
NieR:Automata,NieR Automata
Nier:Automata,NieR Automata
NieR Replicant,NieR Replicant
Nier Replicant,NieR Replicant
NieR: Replicant,NieR Replicant
NieR: Replicant ver.1.22474487139...,NieR Replicant
Nioh,Nioh
Nioh 2,Nioh 2
NMS,No Man's Sky
No Man's Sky,No Man's Sky
no man's sky,No Man's Sky
No Man`s Sky,No Man's Sky
No Mans Sky,No Man's Sky
no man‚Äôs sky,No Man's Sky
No More Heroes III,No More Heroes III
Nostalgic Train,Nostalgic Train
Nothing fancy,Cyberpunk 2077
Not Stray,Singularity
Observer,Observer: System Redux
Observer Redux,Observer: System Redux
Observer - SystemRedux,Observer: System Redux
Observer System Redux,Observer: System Redux
Observer: System Redux,Observer: System Redux
Odyssey,Odyssey
Omno,Omno
Omno (Demo),Omno
OpenMW,The Elder Scrolls III: Morrowind
"Osaka, Long Exposure - Yakuza Like A Dragon",Yakuza: Like a Dragon
Othercide,Othercide
Otis_Inf Unreal Engine Project,Otis_Inf Unreal Engine Project
Outlast Trials [Closed Beta],Outlast Trials
Out of Range,Out of Range
Outriders,Outriders
OverDrift Festival,OverDrift Festival
PaladinÔºöSword and Fairy 7,Sword and Fairy 7
Paradise Killer,Paradise Killer
Paradise Lost,Paradise Lost
Paragon,Paragon
Pathologic,Pathologic
Pathologic 2,Pathologic 2
PAVILION,Pavilion
Pavilion,Pavilion
Persona 5 Strikers,Persona 5 Strikers
Plague Tale Innocence,A Plague Tale: Innocence
Planet Zoo,Planet Zoo
Poppy Playtime,Poppy Playtime
Portal,Portal
Portal 2,Portal 2
Portal RTX,Portal RTX
portrait v.,Cyberpunk 2077
Praey for Gods,Praey for Gods
Prey,Prey
Prey for the Gods,Praey for Gods
Primal Carnage: Extinction,Primal Carnage: Extinction
Prince of Persia,Prince of Persia
Project Cars 1,Project CARS
Project Cars 2,Project CARS 2
Project Wingman,Project Wingman
Psychonauts 2,Psychonauts 2
PUBG,PUBG
Quantum Break,Quantum Break
QuantumBreak,Quantum Break
RAGE,RAGE
RAGE 2,RAGE 2
Rage 2,RAGE 2
Raji An Ancient Epic,Raji: An Ancient Epic
Raji: An Ancient Epic,Raji: An Ancient Epic
Ratchet and Clank,Ratchet & Clank: Rift Apart
Ratchet And Clank Rift Apart,Ratchet & Clank: Rift Apart
Ratchet and Clank: Rift Apart,Ratchet & Clank: Rift Apart
Ratchet ÔºÜ Clank,Ratchet & Clank: Rift Apart
Ratchet & Clank Rift Apart,Ratchet & Clank: Rift Apart
Ratchet & Clank: Rift Apart,Ratchet & Clank: Rift Apart
RDR 2,Red Dead Redemption 2
RDR2,Red Dead Redemption 2
RDR II,Red Dead Redemption 2
RE 2,Resident Evil 2 (2019)
RE2,Resident Evil 2 (2019)
RE 3,Resident Evil 3 (2020)
RE3,Resident Evil 3 (2020)
Read Dead Redemption 2,Red Dead Redemption 2
Ready of Not,Ready or Not
Ready Or Not,Ready or Not
Ready or Not,Ready or Not
ReCore,ReCore
Red Dead Online,Red Dead Redemption 2
red dead online,Red Dead Redemption 2
Red Dead Redemption,Red Dead Redemption
Red dead redemption,Red Dead Redemption
Red Dead Redemption 2,Red Dead Redemption 2
Red dead redemption 2,Red Dead Redemption 2
red dead redemption 2,Red Dead Redemption 2
Red Dead Redemption 2,Red Dead Redemption 2
Red dead Redemption 2,Red Dead Redemption 2
Red Dead Redemption II,Red Dead Redemption 2
Redout,Redout
Refunktion,Refunktion
Remember Me,Remember Me
Remnant,Remnant: From the Ashes
Remnant From Ashes,Remnant: From the Ashes
Remnant From the Ashes,Remnant: From the Ashes
Remnant- From The Ashes,Remnant: From the Ashes
Remnant: From the Ashes,Remnant: From the Ashes
RESEARCH and DESTROY,RESEARCH and DESTROY
RESIDENT EVIL 2,Resident Evil 2 (2019)
Resident Evil 2,Resident Evil 2 (2019)
Resident Evil 2 (2019),Resident Evil 2 (2019)
Resident Evil 2 Remake,Resident Evil 2 (2019)
Resident Evil 2: Remake,Resident Evil 2 (2019)
Resident Evil 2 Remake (the first two works were reworked with the better AA),Resident Evil 2 (2019)
Resident Evil 3,Resident Evil 3 (2020)
Resident Evil 3 (2020),Resident Evil 3 (2020)
Resident Evil 3 Remake,Resident Evil 3 (2020)
Resident Evil 7,Resident Evil 7: Biohazard
Resident Evil 7: Biohazard,Resident Evil 7: Biohazard
Resident Evil: Shadows of Rose,Resident Evil Village
Resident Evil : Village,Resident Evil Village
Resident Evil Village,Resident Evil Village
Resident Evil: Village,Resident Evil Village
Residentl Evil 3,Resident Evil 3 (2020)
Returnal,Returnal
RE Village,Resident Evil Village
RE: Village,Resident Evil Village
Re-Volt,Re-Volt
Revolt,Re-Volt
Ride 4,Ride 4
ride 4,Ride 4
Riders Republic,Riders Republic
riders republic,Riders Republic
Rise of the Tomb Raider,Rise of the Tomb Raider
Rise of the Tomb Rider,Rise of the Tomb Raider
Risk of Rain 2,Risk of Rain 2
Road 96,Road 96
Rocket League,Rocket League
Rogue Spirit,Rogue Spirit
ROTTR,Rise of the Tomb Raider
Ruiner,Ruiner
Ryse: Son of Rome,Ryse: Son of Rome
Ryse: Son of Rome,Ryse: Son of Rome
SABLE,SABLE
Sable,SABLE
Saints Row,Saints Row
Samorost III,Samorost III
Samurai Jack: Battle Through Time,Samurai Jack: Battle Through Time
Samurai Jack: BtT,Samurai Jack: Battle Through Time
Scarlet Nexus,Scarlet Nexus
Scars Above,Scars Above
Scars Above,Scars Above
Scathe,Scathe
Scorn,Scorn
SCP,SCP: Secret Files
SCP: Secret Files,SCP: Secret Files
Sea of Thieves,Sea of Thieves
sea of thieves,Sea of Thieves
Sekiro,Sekiro: Shadows Die Twice
Sekiro Shadow Die Twice,Sekiro: Shadows Die Twice
Sekiro : Shadows Die Twice,Sekiro: Shadows Die Twice
Sekiro : Shadows Die Twice,Sekiro: Shadows Die Twice
Sekiro: Shadows Die Twice,Sekiro: Shadows Die Twice
Session,Session
Shadow Of The Colossus,Shadow of the Colossus
Shadow of the Colossus,Shadow of the Colossus
Shadow Of The Tomb Raider,Shadow of the Tomb Raider
Shadow of The Tomb Raider,Shadow of the Tomb Raider
Shadow of the Tomb Raider,Shadow of the Tomb Raider
Shadow of War,Middle-earth: Shadow of War
Shadows of Rose,Resident Evil Village
Shadow Warrior 3,Shadow Warrior 3
Shattered,Shattered: Tale of the Forgotten King
Shattered - Tale of the Forgotten King,Shattered: Tale of the Forgotten King
Shattered - Tale of the forgotten king,Shattered: Tale of the Forgotten King
Sherlock Holmes: Chapter One,Sherlock Holmes Chapter One
Shore,Shore
Shredders,Shredders
SIFU,Sifu
Sifu,Sifu
Sifu (The Raid cinematography),Sifu
Sifu (The Raid poster inspired),Sifu
Singularity,Singularity
Skater XL,Skater XL
Skyrim,The Elder Scrolls V: Skyrim
skyrim,The Elder Scrolls V: Skyrim
Skyrim - Instax,The Elder Scrolls V: Skyrim
Skyrim LE (2011),The Elder Scrolls V: Skyrim
Skyrim SE,The Elder Scrolls V: Skyrim
Skyrim Special Edition,The Elder Scrolls V: Skyrim
Skyrim: Special Edition,The Elder Scrolls V: Skyrim
Sleeping Dogs,Sleeping Dogs
Sleeping dogs,Sleeping Dogs
sleeping dogs,Sleeping Dogs
Sleeping Dogs Definitive Edition,Sleeping Dogs
Sleeping Dogs: Definitive Edition,Sleeping Dogs
Sniper Ghost Warrior 3,Sniper Ghost Warrior 3
snowrunner,SnowRunner
Solstice,Solstice
Somerville,Somerville
Song of Iron,Song of Iron
SOTTR,Shadow of the Tomb Raider
SotTR,Shadow of the Tomb Raider
Soul Calibur VI,Soulcalibur VI
SoulCalibur VI,Soulcalibur VI
Soulcalibur VI,Soulcalibur VI
Soul Hackers 2,Soul Hackers 2
Soulstice,Soulstice
Space Engine,Space Engine
Spec Ops The Line,Spec Ops: The Line
Spec Ops the Line,Spec Ops: The Line
Spider-Man,Marvel's Spider-Man Remastered
Spider-man,Marvel's Spider-Man Remastered
Spider Man : Miles Morales,Marvel's Spider-Man: Miles Morales
Spider Man Miles Morales,Marvel's Spider-Man: Miles Morales
Spider Man: Miles Morales,Marvel's Spider-Man: Miles Morales
Spider-Man Miles Morales,Marvel's Spider-Man: Miles Morales
Spider-Man: Miles Morales,Marvel's Spider-Man: Miles Morales
Spiderman: Miles Morales,Marvel's Spider-Man: Miles Morales
Spider-man Miles Morales PC,Marvel's Spider-Man: Miles Morales
Spider-Man PS4,Marvel's Spider-Man Remastered
Spider-Man Remastered,Marvel's Spider-Man Remastered
Spider-man Remastered,Marvel's Spider-Man Remastered
Spirit of the North,Spirit of the North
Splatoon 3,Splatoon 3
Splinter Cell Chaos Theory,Tom Clancy's Splinter Cell Chaos Theory
Spyro,Spyro Reignited Trilogy
Spyro Reignited Trilogy,Spyro Reignited Trilogy
stalker,S.T.A.L.K.E.R. Call of Pripyat
S.T.A.L.K.E.R. Anomaly,S.T.A.L.K.E.R. Anomaly
STALKER - Anomaly,S.T.A.L.K.E.R. Anomaly
STALKER Anomaly,S.T.A.L.K.E.R. Anomaly
Stalker Anomaly,S.T.A.L.K.E.R. Anomaly
S.T.A.L.K.E.R. Call of Pripyat,S.T.A.L.K.E.R. Call of Pripyat
S.T.A.L.K.E.R.: Call of Pripyat,S.T.A.L.K.E.R.: Call of Pripyat
S.T.A.L.K.E.R.: Call of Pripyat (Old),S.T.A.L.K.E.R.: Call of Pripyat
Star Citizen,Star Citizen
Star Citizen - Anvil Aerospace Arrow on Daymar,Star Citizen
STAR WARS Battlefront,Star Wars Battlefront
Star Wars Battlefront,Star Wars Battlefront
Star Wars: Battlefront 2,Star Wars Battlefront II
Star Wars Battlefront 2015,Star Wars Battlefront
Star Wars: Battlefront (2015),Star Wars Battlefront
Star Wars Battlefront II,Star Wars Battlefront II
Star Wars BF2,Star Wars Battlefront II
Star Wars - Jedi Fallen Order,Star Wars Jedi: Fallen Order
Star Wars Jedi : Fallen Order,Star Wars Jedi: Fallen Order
Star Wars Jedi Fallen Order,Star Wars Jedi: Fallen Order
Star Wars Jedi- Fallen Order,Star Wars Jedi: Fallen Order
Star Wars Jedi: Fallen Order,Star Wars Jedi: Fallen Order
Star Wars- Jedi Fallen Order,Star Wars Jedi: Fallen Order
Star Wars: Jedi Fallen Order,Star Wars Jedi: Fallen Order
Star Wars Star Wars Jedi: Fallen Order,Star Wars Jedi: Fallen Order
Star Wars: Star Wars Jedi: Fallen Order,Star Wars Jedi: Fallen Order
Steelrising,Steelrising
Steep,Steep
steep,Steep
Stouristay,Stouristay
Strange Brigade,Strange Brigade
Stranger of Paradise,STRANGER OF PARADISE FINAL FANTASY ORIGIN
Stray,Stray
Stray! :catLove:,Stray
Stray Souls,Stray Souls
Stray Souls [Demo],Stray Souls
Stray Souls [demo],Stray Souls
Submerged,Submerged: Hidden Depths
Submerged Hidden Depths,Submerged: Hidden Depths
Submerged: Hidden Depths,Submerged: Hidden Depths
Succubus,Succubus
Sunset Overdrive,Sunset Overdrive
Super Mario Odyssey,Super Mario Odyssey
SWFO,Star Wars Jedi: Fallen Order
SW Jedi Fallen Order,Star Wars Jedi: Fallen Order
SW Jedi fallen order,Star Wars Jedi: Fallen Order
Sword and Fairy 7,Sword and Fairy 7
Sword & Fairy 7,Sword and Fairy 7
Tales of Arise,Tales of Arise
Tekken 7,Tekken 7
Tell Me Why,Tell Me Why
Tell me Why,Tell Me Why
Terminator Resistance,Terminator: Resistance
Terminator: Resistance,Terminator: Resistance
TES V Skyrim,The Elder Scrolls V: Skyrim
TESV: Skyrim,The Elder Scrolls V: Skyrim
TESV - Skyrim LE,The Elder Scrolls V: Skyrim
TESV - Skyrim SE,The Elder Scrolls V: Skyrim
The Anacrusis,The Anacrusis
The Apartment,The Apartment
The Appartment,The Apartment
The Ascent,The Ascent
The Boys - Yakuza Like A Dragon,Yakuza: Like a Dragon
The Callisto Protocol,The Callisto Protocol
The Chant,The Chant
The Crew,The Crew
The Crew 2,The Crew 2
the crew 2,The Crew 2
The Cult of Chanseville,The Cult of Chanseville
The Dark Pictures Anthology: House of Ashes,The Dark Pictures Anthology: House of Ashes
The Dark Pictures Anthology: Little Hope,The Dark Pictures Anthology: Little Hope
The Dark Pictures Anthology: The Devil in Me,The Dark Pictures Anthology: The Devil in Me
The Dark Pictures: Man of Medan,The Dark Pictures: Man of Medan
The Devil in Me,The Dark Pictures Anthology: The Devil in Me
The Devil in me,The Dark Pictures Anthology: The Devil in Me
The Division,Tom Clancy‚Äôs The Division
The Division 2,Tom Clancy's The Division 2
The Elder Scrolls V: Skyrim,The Elder Scrolls V: Skyrim
The Evil Within,The Evil Within
The Evil Within 2,The Evil Within 2
The  Gunk,The Gunk
The Gunk,The Gunk
TheGunk,The Gunk
the hexer 3,The Witcher 3: Wild Hunt
TheHunter: Call of the Wild,theHunter: Call of the Wild
The King of Fighters XV,The King of Fighters XV
THE LAST DAY IN URYUPINSK,THE LAST DAY IN URYUPINSK
The Last of Us 2,The Last of Us Part II
The Last of Us Part 2,The Last of Us Part II
The Last of Us Part I,The Last of Us Part I
The Last Of Us Part II,The Last of Us Part II
The Last of Us Part II,The Last of Us Part II
The Legend of Zelda: Breath of the Wild,The Legend of Zelda: Breath of the Wild
The Little Nightmares 2,Little Nightmares II
The Matrix,The Matrix Awakens: An Unreal Engine 5 Experience
The Matrix Awakens,The Matrix Awakens: An Unreal Engine 5 Experience
The Matrix Awakens,The Matrix Awakens: An Unreal Engine 5 Experience
The Matrix Awakens An Unreal Engine 5 Experience,The Matrix Awakens: An Unreal Engine 5 Experience
The Matrix Awakens: An Unreal Engine 5 Experience,The Matrix Awakens: An Unreal Engine 5 Experience
The Matrix UE5,The Matrix Awakens: An Unreal Engine 5 Experience
The Matrix UE5 Xbox,The Matrix Awakens: An Unreal Engine 5 Experience
The Medium,The Medium
The Outer Worlds,The Outer Worlds
The Pathless,The Pathless
The Quarry,The Quarry
THE SHORE,The Shore
The SHORE,The Shore
The Shore,The Shore
The shore,The Shore
the shore,The Shore
The Sims 2,The Sims 2
The Sinking City,The Sinking City
The Stanley Parable Ultra Deluxe,The Stanley Parable Ultra Deluxe
The Stanley Parable: Ultra Deluxe,The Stanley Parable Ultra Deluxe
The Vanishing of Ethan Carter,The Vanishing of Ethan Carter Redux
The Vanishing of Ethan Carter Redux,The Vanishing of Ethan Carter Redux
The Walking Dead,The Walking Dead
The Wicther 3,The Witcher 3: Wild Hunt
The Witcher 3,The Witcher 3: Wild Hunt
The Witcher 3 Blood and Wine Expansion Pack,The Witcher 3: Wild Hunt
The Witcher 3 Complete Edition,The Witcher 3: Wild Hunt
The Witcher 3 Complete edition,The Witcher 3: Wild Hunt
The Witcher 3 : Wild Hunt,The Witcher 3: Wild Hunt
The Witcher 3 Wild Hunt,The Witcher 3: Wild Hunt
The Witcher 3: Wild Hunt,The Witcher 3: Wild Hunt
The Witcher 3: Wild hunt,The Witcher 3: Wild Hunt
The Witcher 3 Wild Hunt - Geralt of Rivia,The Witcher 3: Wild Hunt
the witcher 3 (zankiu Berduu),The Witcher 3: Wild Hunt
The Witcher III,The Witcher 3: Wild Hunt
Thief,Thief
Thymesia,Thymesia
Tiny Tina,Tiny Tina‚Äôs Wonderlands
Tiny Tina's Wonderlands,Tiny Tina‚Äôs Wonderlands
Tiny Tina‚Äôs Wonderlands,Tiny Tina‚Äôs Wonderlands
Titanic Honor & Glory,Titanic Honor & Glory
Tomb Raider,Tomb Raider
Tomb Raider (2013),Tomb Raider
Tom Clancy's Ghost Recon : Breakpoint,Tom Clancy's Ghost Recon Breakpoint
Tom Clancy's Ghost Recon Breakpoint,Tom Clancy's Ghost Recon Breakpoint
Tom Clancy‚Äôs Ghost Recon Breakpoint,Tom Clancy's Ghost Recon Breakpoint
‚Ä¢ Tom Clancy's Ghost Recon : Breakpoint ‚Ä¢,Tom Clancy's Ghost Recon Breakpoint
Tom Clancy's Ghost Recon Wildlands,Tom Clancy's Ghost Recon Wildlands
Tom Clancy's The Division,Tom Clancy's The Division
Tom Clancy‚Äôs The Division,Tom Clancy's The Division
Tom Clancy's The Division 2,Tom Clancy's The Division 2
Tom Clancy‚Äôs The Division 2,Tom Clancy's The Division 2
Total War: Warhammer II,Total War: Warhammer II
Tower of Fantasy,Tower of Fantasy
TrackMania¬≤,TrackMania¬≤
Trackmania¬≤,TrackMania¬≤
Trackmania 2020,Trackmania 2020
TrackMania¬≤ Canyon,TrackMania¬≤
TrackMania¬≤ Stadium,TrackMania¬≤
TrackMania¬≤ Valley,TrackMania¬≤
Trail Out,Trail Out
Trek To Yomi,Trek to Yomi
Trek to Yomi,Trek to Yomi
Trepang 2,Trepang 2
TRON Evolution,TRON: Evolution
TW3,The Witcher 3: Wild Hunt
Twin Mirror,Twin Mirror
Twitcher,The Witcher 3: Wild Hunt
Uncharted 2 Remastered,Uncharted 2: Among Thieves
Uncharted 3: Drake‚Äôs Deception,Uncharted 3: Drake‚Äôs Deception
Uncharted 4,Uncharted: Legacy of Thieves Collection
Uncharted 4: A Thief's End,Uncharted: Legacy of Thieves Collection
Uncharted 4: A Thief‚Äôs End,Uncharted: Legacy of Thieves Collection
Uncharted 4: Legacy of Thieves Collection,Uncharted: Legacy of Thieves Collection
Uncharted: A Thief's End,Uncharted: Legacy of Thieves Collection
Uncharted: A Thief's End PC,Uncharted: Legacy of Thieves Collection
Uncharted: Drake‚Äôs Fortune,Uncharted: Drake‚Äôs Fortune
Uncharted Legacy of thieves,Uncharted: Legacy of Thieves Collection
UNCHARTED: Legacy of Thieves Collection,Uncharted: Legacy of Thieves Collection
Uncharted: Legacy of Thieves Collection,Uncharted: Legacy of Thieves Collection
Uncharted Lost Legacy,Uncharted: Legacy of Thieves Collection
Uncharted: The Lost Legacy,Uncharted: Legacy of Thieves Collection
Uncharted: The Lost Legacy PC,Uncharted: Legacy of Thieves Collection
Uncharted (typical pic),Uncharted: Drake‚Äôs Fortune
Unknown,Unknown
Unreal Engine,Unreal Engine
Unreal Engine 4,Unreal Engine 4
Unreal P.T.,Unreal P.T.
Valheim,Valheim
Valkyria Chronicles 4,Valkyria Chronicles 4
Vampyr,Vampyr
Vane,Vane
Vanquish,Vanquish
Visage,Visage
VRMuseum,VRMuseum
VRUSEUM,VRMuseum
VRuseum,VRMuseum
W3 corrected version.,The Witcher 3: Wild Hunt
Waframe,Warframe
Warehouse,Warehouse_VR
Warehouse_VR,Warehouse_VR
Warfame,Warframe
Warframe,Warframe
Warframe,Warframe
Warstride Challenges,Warstride Challenges
War Thunder,War Thunder
Watch_Dogs,Watch Dogs
Watch_Dogs 2,Watch Dogs 2
Watch Dogs,Watch Dogs
Watch Dogs 1,Watch Dogs
Watch Dogs 2,Watch Dogs 2
Watchdogs 2,Watch Dogs 2
Watch Dogs Legion,Watch Dogs: Legion
Watch dogs legion,Watch Dogs: Legion
watch dogs legion,Watch Dogs: Legion
Watch Dogs: Legion,Watch Dogs: Legion
Way Of The Hunter,Way of the Hunter
Way Of the Hunter,Way of the Hunter
Way of The Hunter,Way of the Hunter
Way of the Hunter,Way of the Hunter
wdl,Watch Dogs: Legion
WD Legion,Watch Dogs: Legion
Weird West,Weird West
What Remains of Edith Finch,What Remains of Edith Finch
Wildlands,Tom Clancy's Ghost Recon Wildlands
Wildlands (old but gold),Tom Clancy's Ghost Recon Wildlands
Windbound,Windbound
Witcher 3,The Witcher 3: Wild Hunt
Witcher3,The Witcher 3: Wild Hunt
Witcher 3 Complete Edition,The Witcher 3: Wild Hunt
Wolfenstein II: The New Colossus,Wolfenstein II: The New Colossus
Wolfenstein: New Colossus,Wolfenstein: The New Colossus
WOLFENSTEIN: THE NEW COLOSSUS,Wolfenstein: The New Colossus
Wolfenstein: The New Colossus,Wolfenstein: The New Colossus
Wolfenstein: The New Order,Wolfenstein: The New Order
Wolfenstein - The Old Blood,Wolfenstein: The Old Blood
Wolfenstein Youngblood,Wolfenstein: Youngblood
Wolfenstein: Youngblood,Wolfenstein: Youngblood
World of Tanks,World of Tanks
Wreckfest,Wreckfest
Yakuza0,Yakuza 0
Yakuza 6: The Song of Life,Yakuza 6: The Song of Life
Yakuza Kiwami 2,Yakuza Kiwami 2
Yakuza Like A Dragon,Yakuza: Like a Dragon
Yakuza Like a Dragon,Yakuza: Like a Dragon
Yakuza: Like A Dragon,Yakuza: Like a Dragon
Zombie Army 4,Zombie Army 4: Dead War